日期,版本,类别,任务内容,状态,详情/备注
2025/12/28,Planning,策划,确立 Mod 核心概念 (手机/支付/通讯),? 完成,定名为 RimDigital Life
2025/12/29,Core 1.0,策划,物品清单与品牌设定 (iShen/Nokirim等),? 完成,确立了玩梗方向
2025/12/30,Core 1.0,工具,制作 Python 自动贴图处理脚本,? 完成,解决了素材去底和缩放问题
2025/12/30,Core 1.0,架构,确立文件目录结构与统一命名规范,? 完成,所有 defName 已标准化
2025/12/31,Core 1.0,美术,生成所有物品的 AI 提示词库,? 完成,分为原版风和精致风两套
2025/12/31,Core 1.0,XML,编写 Items_Digital_Comm.xml (通讯设备),? 进行中,下一步计划
2025/12/31,Core 1.0,XML,编写 Items_Digital_Gaming.xml (娱乐设备),? 待办,
2025/12/31,Core 1.0,C#,编写 InteractionWorker (兵乓通讯逻辑),? 待办,
2025/12/31,Core 1.0,C#,编写 Harmony Patch (聊天前缀),? 待办,
2025/12/31,Core 1.0,测试,游戏内实装测试,? 待办,
